Query,Assessment_url
I am hiring for Java developers who can collaborate effectively.,https://www.shl.com/products/product-catalog/view/java-2-platform-enterprise-edition-1-4-fundamental/
I am hiring for Java developers who can collaborate effectively.,https://www.shl.com/products/product-catalog/view/agile-software-development/
I am hiring for Java developers who can collaborate effectively.,https://www.shl.com/products/product-catalog/view/java-design-patterns-new/
I am hiring for Java developers who can collaborate effectively.,https://www.shl.com/products/product-catalog/view/core-java-advanced-level-new/
I am hiring for Java developers who can collaborate effectively.,https://www.shl.com/products/product-catalog/view/interviewing-and-hiring-concepts-u-s/
"Looking to hire mid-level professionals proficient in Python, SQL and JavaScript.",https://www.shl.com/products/product-catalog/view/javascript-new/
"Looking to hire mid-level professionals proficient in Python, SQL and JavaScript.",https://www.shl.com/products/product-catalog/view/automata-sql-new/
"Looking to hire mid-level professionals proficient in Python, SQL and JavaScript.",https://www.shl.com/products/product-catalog/view/linux-programming-general/
"Looking to hire mid-level professionals proficient in Python, SQL and JavaScript.",https://www.shl.com/products/product-catalog/view/professional-7-0-solution/
"Looking to hire mid-level professionals proficient in Python, SQL and JavaScript.",https://www.shl.com/products/product-catalog/view/technology-professional-8-0-job-focused-assessment/
JD text: recommend assessments for analysts using cognitive and personality tests.,https://www.shl.com/products/product-catalog/view/opq-ucf-development-action-planner-report-2-0/
JD text: recommend assessments for analysts using cognitive and personality tests.,https://www.shl.com/products/product-catalog/view/network-engineeranalyst-solution/
JD text: recommend assessments for analysts using cognitive and personality tests.,https://www.shl.com/products/product-catalog/view/professional-8-0-jfa/
JD text: recommend assessments for analysts using cognitive and personality tests.,https://www.shl.com/products/product-catalog/view/occupational-personality-questionnaire-opq32r/
JD text: recommend assessments for analysts using cognitive and personality tests.,https://www.shl.com/products/product-catalog/view/software-business-analysis/
